"userlocation","name"
"Paris France","regisb"
"Rockville MD USA","goodevilgenius"
"Spain","minoic"
"Melbourne Australia","wezm"
"","mimmim"
"Mexico","sahaquiel"
"Quebec Canada","Lise"
"Orlando FL","davevanz"
"Vail Arizona","heartofacowgirl"
"Henderson NV","JPageUpchurch"
"Granada Spain","vkthor"
"Kanazawa","systemits"
"","sappy"
"","zurieflys"
"Cardiff","juliamcwatt"
"Phnom Penh Cambodia","thePeck"
"Afghanistan","cathjam"
"NJ","FlysFool"
"","designedbylisa"
"","lizzyfizzy"
"SP ZS","mcljo"
"Georgia","maryydixonn"
