"twid","tweet","utcdate","city","userid"
921227995,"just ate now chilli","Sep 15 2008  2:12AM","Hsinchu",16285429
921259039,"finally got the sms","Sep 15 2008  2:47AM","Hsinchu",16285429
921300475,"watching jerry mcgui","Sep 15 2008  3:39AM","Hsinchu",16285429
921393851,"school is tomorrow","Sep 15 2008  5:40AM","Hsinchu",16285429
921638659,"omfgz im bored","Sep 15 2008 10:56AM","Hsinchu",16285429
922608124,"school was fuuun ge","Sep 16 2008  5:56AM","Hsinchu",16285429
923864726,"Im on myspace I nee","Sep 17 2008  5:45AM","Hsinchu",16285429
923987040,"its supa pretty outs","Sep 17 2008  7:56AM","Hsinchu",16285429
925140406,"with some friends c","Sep 18 2008  5:19AM","Hsinchu",16285429
925255233,"I gots a new cameraa","Sep 18 2008  7:22AM","Hsinchu",16285429
931047478,"have a really bad he","Sep 23 2008  8:13AM","Hsinchu",16285429
1080858983,"httptinyurlcom","Dec 27 2008  3:00PM","Hsinchu",17989391
1080859374,"Esses vao queimar no","Dec 27 2008  3:00PM","Hsinchu",17989391
