"userid","name","userlocation","tweet"
811883,"regisb","Paris France","Damn its incredibl"
811883,"regisb","Paris France","Im trying NOT to pr"
8055532,"goodevilgenius","Rockville MD USA","wondering what big p"
8055532,"goodevilgenius","Rockville MD USA","wondering why flickr"
8055532,"goodevilgenius","Rockville MD USA","scrambling"
8055532,"goodevilgenius","Rockville MD USA","more relaxed than he"
8055532,"goodevilgenius","Rockville MD USA","sick of crappy recha"
8055532,"goodevilgenius","Rockville MD USA","really liking Geoff"
8055532,"goodevilgenius","Rockville MD USA","excited that his Pro"
8055532,"goodevilgenius","Rockville MD USA","wondering if he has"
8055532,"goodevilgenius","Rockville MD USA","definitely coming do"
8055532,"goodevilgenius","Rockville MD USA","quite unwell"
8055532,"goodevilgenius","Rockville MD USA","resting tonight so t"
8055532,"goodevilgenius","Rockville MD USA","feeling much better"
8055532,"goodevilgenius","Rockville MD USA","excited to film the"
8055532,"goodevilgenius","Rockville MD USA","happy that filming w"
8055532,"goodevilgenius","Rockville MD USA","wondering whos not"
8055532,"goodevilgenius","Rockville MD USA","happy its Sunday"
8055532,"goodevilgenius","Rockville MD USA","not having great luc"
8055532,"goodevilgenius","Rockville MD USA","thankful for First A"
8055532,"goodevilgenius","Rockville MD USA","thankful for First A"
8055532,"goodevilgenius","Rockville MD USA","a little sore"
8055532,"goodevilgenius","Rockville MD USA","feeling a little jj"
8055532,"goodevilgenius","Rockville MD USA","feeling more like df"
8055532,"goodevilgenius","Rockville MD USA","friends with his mom"
8055532,"goodevilgenius","Rockville MD USA","not sure why he thou"
8055532,"goodevilgenius","Rockville MD USA","glad to know that th"
8055532,"goodevilgenius","Rockville MD USA","wishing UT wouldnt"
8055532,"goodevilgenius","Rockville MD USA","everywhere you want"
8055532,"goodevilgenius","Rockville MD USA","everywhere you want"
8055532,"goodevilgenius","Rockville MD USA","awake early"
8055532,"goodevilgenius","Rockville MD USA","the one that you wan"
8055532,"goodevilgenius","Rockville MD USA","just waking up from"
8055532,"goodevilgenius","Rockville MD USA","the one youre looki"
8055532,"goodevilgenius","Rockville MD USA","zzzzzzz"
8055532,"goodevilgenius","Rockville MD USA","wondering why he was"
8055532,"goodevilgenius","Rockville MD USA","wondering how its p"
8055532,"goodevilgenius","Rockville MD USA","glad that Facebook s"
8055532,"goodevilgenius","Rockville MD USA","telling everyone to"
8055532,"goodevilgenius","Rockville MD USA","going to bed"
8055532,"goodevilgenius","Rockville MD USA","going to make your d"
8055532,"goodevilgenius","Rockville MD USA","your deepest desire"
8055532,"goodevilgenius","Rockville MD USA","mmm instant Yakiso"
8055532,"goodevilgenius","Rockville MD USA","confused"
8055532,"goodevilgenius","Rockville MD USA","ready for this semes"
8055532,"goodevilgenius","Rockville MD USA","confused why Flock i"
8055532,"goodevilgenius","Rockville MD USA","not sure what he nee"
8055532,"goodevilgenius","Rockville MD USA","not able to go to Du"
8055532,"goodevilgenius","Rockville MD USA","thinking that it was"
8055532,"goodevilgenius","Rockville MD USA","amazed that you can"
8055532,"goodevilgenius","Rockville MD USA","frustrated that YouT"
8055532,"goodevilgenius","Rockville MD USA","maybe coming up with"
8055532,"goodevilgenius","Rockville MD USA","excited that the TD"
8055532,"goodevilgenius","Rockville MD USA","tired"
8055532,"goodevilgenius","Rockville MD USA","thinking its too ho"
8055532,"goodevilgenius","Rockville MD USA","like himself on"
8055532,"goodevilgenius","Rockville MD USA","encouraging everyone"
8055532,"goodevilgenius","Rockville MD USA","thinking that was a"
8055532,"goodevilgenius","Rockville MD USA","feeling confused and"
8055532,"goodevilgenius","Rockville MD USA","jf nbdcghi mh rr"
8055532,"goodevilgenius","Rockville MD USA","brimming with ideas"
8055532,"goodevilgenius","Rockville MD USA","going to bed becaus"
8055532,"goodevilgenius","Rockville MD USA","excited for General"
8055532,"goodevilgenius","Rockville MD USA","so happy that the sc"
8055532,"goodevilgenius","Rockville MD USA","unhappy that Gecko h"
8055532,"goodevilgenius","Rockville MD USA","loving General Confe"
8055532,"goodevilgenius","Rockville MD USA","thinking that the Fl"
8055532,"goodevilgenius","Rockville MD USA","not sure what hes d"
8055532,"goodevilgenius","Rockville MD USA","wanting everyone els"
8055532,"goodevilgenius","Rockville MD USA","learning XUL"
8055532,"goodevilgenius","Rockville MD USA","bla bla bla"
8055532,"goodevilgenius","Rockville MD USA","sick of Google Earth"
8055532,"goodevilgenius","Rockville MD USA","wondering how he eve"
8055532,"goodevilgenius","Rockville MD USA","wanting to sleep"
8055532,"goodevilgenius","Rockville MD USA","umm yeah ok"
8055532,"goodevilgenius","Rockville MD USA","feeling stupid that"
8055532,"goodevilgenius","Rockville MD USA","glad he just won a g"
8055532,"goodevilgenius","Rockville MD USA","hoping that the crac"
8055532,"goodevilgenius","Rockville MD USA","hoping this cool wea"
8055532,"goodevilgenius","Rockville MD USA","not sure what kind o"
8055532,"goodevilgenius","Rockville MD USA","not pleased with USP"
8055532,"goodevilgenius","Rockville MD USA","excited about the Ap"
8055532,"goodevilgenius","Rockville MD USA","loving Beagle What"
8055532,"goodevilgenius","Rockville MD USA","wondering how often"
8055532,"goodevilgenius","Rockville MD USA","Not the fa"
8055532,"goodevilgenius","Rockville MD USA","thinking his new Wac"
8055532,"goodevilgenius","Rockville MD USA","checking out competi"
8055532,"goodevilgenius","Rockville MD USA","sleeping Yeah I kn"
8055532,"goodevilgenius","Rockville MD USA","ready for the day"
8055532,"goodevilgenius","Rockville MD USA","just noticing how fr"
8055532,"goodevilgenius","Rockville MD USA","at school"
8055532,"goodevilgenius","Rockville MD USA","very sorry he annoye"
8055532,"goodevilgenius","Rockville MD USA","starting to get the"
8055532,"goodevilgenius","Rockville MD USA","amazed that someone"
8055532,"goodevilgenius","Rockville MD USA","almost done watching"
8055532,"goodevilgenius","Rockville MD USA","Go to httpwwwapp"
8055532,"goodevilgenius","Rockville MD USA","going to Houston"
8055532,"goodevilgenius","Rockville MD USA","amazed that Apple st"
8055532,"goodevilgenius","Rockville MD USA","loving Flock"
8055532,"goodevilgenius","Rockville MD USA","wondering when peopl"
8055532,"goodevilgenius","Rockville MD USA","going to take a nap"
8055532,"goodevilgenius","Rockville MD USA","waiting"
8055532,"goodevilgenius","Rockville MD USA","very passionate abou"
8055532,"goodevilgenius","Rockville MD USA","halfway home"
8055532,"goodevilgenius","Rockville MD USA","home in Austin"
8055532,"goodevilgenius","Rockville MD USA","wondering why this c"
8055532,"goodevilgenius","Rockville MD USA","never going to write"
8055532,"goodevilgenius","Rockville MD USA","harvesting emails I"
8055532,"goodevilgenius","Rockville MD USA","thinking ice cream r"
8055532,"goodevilgenius","Rockville MD USA","experiencing diminis"
8055532,"goodevilgenius","Rockville MD USA","httpwwwoogafilms"
9647362,"mimmim","",""
8055532,"goodevilgenius","Rockville MD USA","busted  I guess"
8055532,"goodevilgenius","Rockville MD USA","watching Van Helsing"
8055532,"goodevilgenius","Rockville MD USA","httpwwwoogafilms"
8055532,"goodevilgenius","Rockville MD USA","not sure why people"
8055532,"goodevilgenius","Rockville MD USA","grateful that Patti"
8055532,"goodevilgenius","Rockville MD USA","digging Gmail with I"
8055532,"goodevilgenius","Rockville MD USA","filming another Joe"
8055532,"goodevilgenius","Rockville MD USA","happy with how filmi"
8055532,"goodevilgenius","Rockville MD USA",""
8055532,"goodevilgenius","Rockville MD USA","Im sick of the is"
8055532,"goodevilgenius","Rockville MD USA","I wish I knew what t"
8055532,"goodevilgenius","Rockville MD USA","Time to upgrade to G"
8055532,"goodevilgenius","Rockville MD USA","Gutsy Gibbon is look"
8055532,"goodevilgenius","Rockville MD USA","Writing a new progra"
8055532,"goodevilgenius","Rockville MD USA","My monitor is starti"
8055532,"goodevilgenius","Rockville MD USA","Recently upgraded to"
8055532,"goodevilgenius","Rockville MD USA","Since upgrading to G"
8055532,"goodevilgenius","Rockville MD USA","Ready"
8055532,"goodevilgenius","Rockville MD USA","Time for bed Tomorr"
8055532,"goodevilgenius","Rockville MD USA","Gotta love that Frid"
8055532,"goodevilgenius","Rockville MD USA","Flock  Final is o"
8055532,"goodevilgenius","Rockville MD USA","Flock  is now wor"
8055532,"goodevilgenius","Rockville MD USA","The eyes are the gr"
8055532,"goodevilgenius","Rockville MD USA","I finally beat the h"
8055532,"goodevilgenius","Rockville MD USA","I just slept away my"
8055532,"goodevilgenius","Rockville MD USA","You should meet my r"
8055532,"goodevilgenius","Rockville MD USA","Im trying to listen"
8055532,"goodevilgenius","Rockville MD USA","Trying to listen to"
8055532,"goodevilgenius","Rockville MD USA","I really wish I had"
8055532,"goodevilgenius","Rockville MD USA","I am done with my ho"
8055532,"goodevilgenius","Rockville MD USA","Monday Blegh"
8055532,"goodevilgenius","Rockville MD USA","Why do some people t"
9647362,"mimmim","",""
8055532,"goodevilgenius","Rockville MD USA","Happy days are here"
8055532,"goodevilgenius","Rockville MD USA","Sweet I finished my"
8055532,"goodevilgenius","Rockville MD USA","Another day another"
8055532,"goodevilgenius","Rockville MD USA","I would never rebuff"
8055532,"goodevilgenius","Rockville MD USA","Before am I learne"
8055532,"goodevilgenius","Rockville MD USA","Vote for Crosswalk"
8055532,"goodevilgenius","Rockville MD USA","Voting is done Cros"
8055532,"goodevilgenius","Rockville MD USA","Why did Cindy Crawfo"
8055532,"goodevilgenius","Rockville MD USA","I am so freaking exc"
8055532,"goodevilgenius","Rockville MD USA","Sister Townsends pe"
8055532,"goodevilgenius","Rockville MD USA","I just had an epipha"
8055532,"goodevilgenius","Rockville MD USA","I really wish I coul"
8055532,"goodevilgenius","Rockville MD USA","It will be a happy d"
8055532,"goodevilgenius","Rockville MD USA","It works"
8055532,"goodevilgenius","Rockville MD USA","At  mph the wind c"
8055532,"goodevilgenius","Rockville MD USA","I got the top score"
8055532,"goodevilgenius","Rockville MD USA","New gloves make me h"
8055532,"goodevilgenius","Rockville MD USA","Dancing makes me hap"
8055532,"goodevilgenius","Rockville MD USA","Apparently bowling b"
8055532,"goodevilgenius","Rockville MD USA","I dont think practi"
9647362,"mimmim","",""
8055532,"goodevilgenius","Rockville MD USA","Geoff is becoming Ir"
8055532,"goodevilgenius","Rockville MD USA","Stupid DSL with its"
8055532,"goodevilgenius","Rockville MD USA","Pirates vs Ninjas h"
8055532,"goodevilgenius","Rockville MD USA","Im going to Temple"
8055532,"goodevilgenius","Rockville MD USA","To sleep perchance"
8055532,"goodevilgenius","Rockville MD USA","Sleeping in is good"
8055532,"goodevilgenius","Rockville MD USA","Playing with my neph"
8055532,"goodevilgenius","Rockville MD USA","Family time is good"
8055532,"goodevilgenius","Rockville MD USA","I always assumed tha"
8055532,"goodevilgenius","Rockville MD USA","Watching cartoons al"
8055532,"goodevilgenius","Rockville MD USA","Going home"
8055532,"goodevilgenius","Rockville MD USA","Back home in Austin"
8055532,"goodevilgenius","Rockville MD USA","Its about time Yea"
8055532,"goodevilgenius","Rockville MD USA","I love the Wii"
8055532,"goodevilgenius","Rockville MD USA","Is it weird that I a"
8055532,"goodevilgenius","Rockville MD USA","Wii Sports makes my"
8055532,"goodevilgenius","Rockville MD USA","I really should stop"
8055532,"goodevilgenius","Rockville MD USA","Friday Forum today"
8055532,"goodevilgenius","Rockville MD USA","Packing really works"
8055532,"goodevilgenius","Rockville MD USA","How could I pack up"
8055532,"goodevilgenius","Rockville MD USA","Packing up the compu"
8055532,"goodevilgenius","Rockville MD USA","All moved in to the"
8055532,"goodevilgenius","Rockville MD USA","Ive got a lovely bu"
9366872,"wezm","Melbourne Australia","Catching up on episo"
9366872,"wezm","Melbourne Australia","I hate Nokia phones"
8055532,"goodevilgenius","Rockville MD USA","I got Legos"
8055532,"goodevilgenius","Rockville MD USA","Its time"
8055532,"goodevilgenius","Rockville MD USA","Stake Christmas conc"
8055532,"goodevilgenius","Rockville MD USA","This has been a slee"
9366872,"wezm","Melbourne Australia","Full building evacua"
8055532,"goodevilgenius","Rockville MD USA","A clean keyboard mak"
8055532,"goodevilgenius","Rockville MD USA","Ive had enough of F"
8055532,"goodevilgenius","Rockville MD USA","Happy days are here"
8055532,"goodevilgenius","Rockville MD USA","I think I shouldnt"
8055532,"goodevilgenius","Rockville MD USA","Why is wt the word"
8055532,"goodevilgenius","Rockville MD USA","Rodds got access to"
8055532,"goodevilgenius","Rockville MD USA","And it came to pass"
8055532,"goodevilgenius","Rockville MD USA","And this taxing was"
8055532,"goodevilgenius","Rockville MD USA","And all went to be t"
8055532,"goodevilgenius","Rockville MD USA","And Joseph also went"
8055532,"goodevilgenius","Rockville MD USA","To be taxed with Mar"
9366872,"wezm","Melbourne Australia","Reading review of Wi"
9366872,"wezm","Melbourne Australia","Christmas drinks wit"
8055532,"goodevilgenius","Rockville MD USA","And so it was that"
9366872,"wezm","Melbourne Australia","Enjoying a number of"
9366872,"wezm","Melbourne Australia","Recovering from Chri"
9366872,"wezm","Melbourne Australia","Enjoying breakfast i"
9366872,"wezm","Melbourne Australia","Relaxing at a french"
9366872,"wezm","Melbourne Australia","Preparing to head ou"
9366872,"wezm","Melbourne Australia","Getting ready for da"
9366872,"wezm","Melbourne Australia","Back at work"
12279742,"sahaquiel","Mexico","i am waiting for my"
12279742,"sahaquiel","Mexico","listo para la macwor"
12279742,"sahaquiel","Mexico","min to go y muy e"
12279742,"sahaquiel","Mexico","revisando los blogs"
12279742,"sahaquiel","Mexico","no entiendo el de wi"
12279742,"sahaquiel","Mexico","minutos"
12279742,"sahaquiel","Mexico","mac life y applegaze"
12279742,"sahaquiel","Mexico","ya listos la fila"
12279742,"sahaquiel","Mexico","la novia molesta"
12279742,"sahaquiel","Mexico","terminando de ver la"
12279742,"sahaquiel","Mexico","sigo impresionado"
12279742,"sahaquiel","Mexico","regresando poco a po"
12279742,"sahaquiel","Mexico","hambriento"
9366872,"wezm","Melbourne Australia","Preparing to head do"
9366872,"wezm","Melbourne Australia","False alarm got to"
14326018,"davevanz","Orlando FL","Sitting at my comput"
14326018,"davevanz","Orlando FL","Thinking about what"
14326018,"davevanz","Orlando FL","sitting  Panera Bre"
14326018,"davevanz","Orlando FL","getting ready for th"
14326018,"davevanz","Orlando FL","Bars and other Hot"
14326018,"davevanz","Orlando FL","musicians are gettin"
14326018,"davevanz","Orlando FL","Downtown Rochester s"
9366872,"wezm","Melbourne Australia","Hmm looks like the r"
9366872,"wezm","Melbourne Australia","News reader sighting"
9366872,"wezm","Melbourne Australia","Is it because Im us"
9366872,"wezm","Melbourne Australia","I forgot to bring my"
9366872,"wezm","Melbourne Australia","Sent off an applicat"
14326018,"davevanz","Orlando FL","about to help someon"
14326018,"davevanz","Orlando FL","hello"
14326018,"davevanz","Orlando FL","about to watch the r"
14326018,"davevanz","Orlando FL","about to watch the r"
9366872,"wezm","Melbourne Australia","Interesting post abo"
9366872,"wezm","Melbourne Australia","No response to RoR j"
9366872,"wezm","Melbourne Australia","Having to use M Win"
9366872,"wezm","Melbourne Australia","If the iTablet rum"
9366872,"wezm","Melbourne Australia","Bought me a USB Flas"
9366872,"wezm","Melbourne Australia","Bought some credits"
9366872,"wezm","Melbourne Australia","Anyone know of softw"
9366872,"wezm","Melbourne Australia","Idea for a learn Rub"
9366872,"wezm","Melbourne Australia","Having watched rails"
9366872,"wezm","Melbourne Australia","Anyone know and good"
9366872,"wezm","Melbourne Australia","Why are there no hac"
9366872,"wezm","Melbourne Australia","Linux kernel framebu"
9366872,"wezm","Melbourne Australia","lol danwood"
9366872,"wezm","Melbourne Australia","iPhone finally comin"
9366872,"wezm","Melbourne Australia","Put a holding deposi"
9366872,"wezm","Melbourne Australia","Summize is great for"
9366872,"wezm","Melbourne Australia","I dearly hope that T"
9366872,"wezm","Melbourne Australia","httpiphonevodafo"
9366872,"wezm","Melbourne Australia","Off to Melbourne Per"
9366872,"wezm","Melbourne Australia","Vodafone finally hav"
9366872,"wezm","Melbourne Australia","Gizmodo told by Optu"
9366872,"wezm","Melbourne Australia","Got a holding deposi"
9366872,"wezm","Melbourne Australia","Telstra threaten to"
9366872,"wezm","Melbourne Australia","A friend is on her"
9366872,"wezm","Melbourne Australia","What would be the be"
9366872,"wezm","Melbourne Australia","Grabbed a PDF copy o"
8055532,"goodevilgenius","Rockville MD USA","Fluid is really grea"
9366872,"wezm","Melbourne Australia","This ARDAgent privil"
9366872,"wezm","Melbourne Australia","Yay for another succ"
8055532,"goodevilgenius","Rockville MD USA","I think that travell"
9366872,"wezm","Melbourne Australia","Enjoying  year anni"
9366872,"wezm","Melbourne Australia","Great first Vodafon"
9366872,"wezm","Melbourne Australia","Trying Opera  on"
9366872,"wezm","Melbourne Australia","This is interesting"
9366872,"wezm","Melbourne Australia","Having  wisdom teet"
9366872,"wezm","Melbourne Australia","iPhone G on Telstra"
9366872,"wezm","Melbourne Australia","Interesting comments"
8055532,"goodevilgenius","Rockville MD USA","Im testing Yoono"
9366872,"wezm","Melbourne Australia","Hooray Optus finally"
9366872,"wezm","Melbourne Australia","Optus includes free"
8055532,"goodevilgenius","Rockville MD USA","Im amazed at how ma"
8055532,"goodevilgenius","Rockville MD USA","Happy Independence D"
9366872,"wezm","Melbourne Australia","How come Optus annou"
9366872,"wezm","Melbourne Australia","Is there anything li"
9366872,"wezm","Melbourne Australia","In the absence of en"
9366872,"wezm","Melbourne Australia","days to go and sti"
9366872,"wezm","Melbourne Australia","Sent an email to Vod"
9366872,"wezm","Melbourne Australia","This is a good summa"
9366872,"wezm","Melbourne Australia","Off to melbournecoc"
9366872,"wezm","Melbourne Australia","Checked South Melbou"
9366872,"wezm","Melbourne Australia","th in line at South"
9366872,"wezm","Melbourne Australia","dm quamen th in lin"
9366872,"wezm","Melbourne Australia","Now  in the line h"
9366872,"wezm","Melbourne Australia","Optus shop have set"
9366872,"wezm","Melbourne Australia","Vodafone vs Optus"
9366872,"wezm","Melbourne Australia","Filled in form to ge"
9366872,"wezm","Melbourne Australia","This is bullshit Th"
9366872,"wezm","Melbourne Australia","Gb white iPhone se"
9366872,"wezm","Melbourne Australia","WTF Ive counted  f"
9366872,"wezm","Melbourne Australia","hehe design police h"
9366872,"wezm","Melbourne Australia","Twittelator seems to"
9366872,"wezm","Melbourne Australia","Anyone know how to a"
9366872,"wezm","Melbourne Australia","Grr now my corelocat"
9366872,"wezm","Melbourne Australia","Getting location ser"
9366872,"wezm","Melbourne Australia","Read the iPhone User"
9366872,"wezm","Melbourne Australia","Interesting bits fro"
15463525,"JPageUpchurch","Henderson NV","im hiccupping uncon"
9366872,"wezm","Melbourne Australia","Recovering after hav"
9366872,"wezm","Melbourne Australia","httptwitpiccom"
9366872,"wezm","Melbourne Australia","Testing twinkle Mus"
9366872,"wezm","Melbourne Australia","Never mind seems to"
9366872,"wezm","Melbourne Australia","Repeatable Twinkle c"
9366872,"wezm","Melbourne Australia","Nice app store bug"
15491731,"vkthor","Granada Spain","Creando el twitter e"
9366872,"wezm","Melbourne Australia","First real day in ne"
9366872,"wezm","Melbourne Australia","Blog post My iPhone"
9366872,"wezm","Melbourne Australia","Some guy at Mozilla"
9366872,"wezm","Melbourne Australia","Theres a Geohashing"
15491731,"vkthor","Granada Spain","Grabando un CD de Mi"
15491731,"vkthor","Granada Spain","Preparando la maleta"
9366872,"wezm","Melbourne Australia","I am now an ADC Sele"
9366872,"wezm","Melbourne Australia","My Mac on Flinders f"
9366872,"wezm","Melbourne Australia","Mac Pro ordered with"
9366872,"wezm","Melbourne Australia","Back to work after l"
15491731,"vkthor","Granada Spain","Quebrandome la cabez"
9366872,"wezm","Melbourne Australia","Off to Melbourne Rub"
9366872,"wezm","Melbourne Australia","Heading home from Ru"
9366872,"wezm","Melbourne Australia","My ADC Orientation p"
9366872,"wezm","Melbourne Australia","RAM and HD arrived f"
9366872,"wezm","Melbourne Australia","Eating a pie and pot"
9366872,"wezm","Melbourne Australia","Generally dont like"
9366872,"wezm","Melbourne Australia","Grrr why is the PayP"
9366872,"wezm","Melbourne Australia","Mac Pro shipped"
9366872,"wezm","Melbourne Australia","C registration i"
9366872,"wezm","Melbourne Australia","Sold  year old rd"
9366872,"wezm","Melbourne Australia","Waiting at home for"
9366872,"wezm","Melbourne Australia","Google street view n"
9366872,"wezm","Melbourne Australia","New Mac arrived at"
9366872,"wezm","Melbourne Australia","httptwitpiccom"
15491731,"vkthor","Granada Spain","De vuelta en Guadix"
9366872,"wezm","Melbourne Australia","Yay for building eva"
9366872,"wezm","Melbourne Australia","Yay for whole buildi"
9366872,"wezm","Melbourne Australia","Cool table decoratio"
15774880,"systemits","Kanazawa",""
9366872,"wezm","Melbourne Australia","Ben sucks hes goin"
9366872,"wezm","Melbourne Australia","I broke Jo oops"
9366872,"wezm","Melbourne Australia","I lit the oven yay"
8055532,"goodevilgenius","Rockville MD USA","I just realized I ha"
9366872,"wezm","Melbourne Australia","Cant believe there"
9366872,"wezm","Melbourne Australia","Rainbow in Melbourne"
15491731,"vkthor","Granada Spain","He estado en un camp"
9366872,"wezm","Melbourne Australia","Awesome geeky busine"
9366872,"wezm","Melbourne Australia","New blog post Ponde"
8055532,"goodevilgenius","Rockville MD USA","I dont find myself"
9366872,"wezm","Melbourne Australia","Off to Melbourne Per"
9366872,"wezm","Melbourne Australia","httptwitpiccom"
8055532,"goodevilgenius","Rockville MD USA","Those Japanese volle"
9366872,"wezm","Melbourne Australia","Hello from the FScr"
15491731,"vkthor","Granada Spain","Pues fijate tu que a"
8055532,"goodevilgenius","Rockville MD USA","Stuck in a traffic j"
8055532,"goodevilgenius","Rockville MD USA","Nothing like a route"
9366872,"wezm","Melbourne Australia","Grr Optus G broken"
9366872,"wezm","Melbourne Australia","Off to Klassic Kandy"
14163678,"Lise","Quebec Canada","Je me prelasse sur l"
14163678,"Lise","Quebec Canada","Jecris un article c"
15491731,"vkthor","Granada Spain","Se acercan la feria"
15491731,"vkthor","Granada Spain","Entrenamiento Michae"
14163678,"Lise","Quebec Canada","Mise a jour des prec"
8055532,"goodevilgenius","Rockville MD USA","I am so very tired"
8055532,"goodevilgenius","Rockville MD USA","Looks like the peace"
14163678,"Lise","Quebec Canada","Je travaille a lecr"
9366872,"wezm","Melbourne Australia","Melbourne Ruby User"
14163678,"Lise","Quebec Canada","Je viens davoir un"
16060889,"sappy","",""
16060889,"sappy","",""
16060889,"sappy","",""
16060889,"sappy","",""
16060889,"sappy","",""
16060889,"sappy","",""
16060889,"sappy","",""
16060889,"sappy","",""
16060889,"sappy","",""
14163678,"Lise","Quebec Canada","x rentree scolaire"
8055532,"goodevilgenius","Rockville MD USA","I better get back to"
16060889,"sappy","","DS"
16060889,"sappy","","roger"
16060889,"sappy","",""
16060889,"sappy","",""
15491731,"vkthor","Granada Spain","Genial Robinho ese"
15491731,"vkthor","Granada Spain","Y digo mas por fin"
8055532,"goodevilgenius","Rockville MD USA","Everyone should chec"
16060889,"sappy","",""
16060889,"sappy","",""
16060889,"sappy","",""
16060889,"sappy","","ry"
9366872,"wezm","Melbourne Australia","Got to leave work ea"
16060889,"sappy","",""
16060889,"sappy","",""
9366872,"wezm","Melbourne Australia","httpbitlyKKK"
16060889,"sappy","",""
9366872,"wezm","Melbourne Australia","Looking for a design"
16060889,"sappy","",""
16060889,"sappy","","Death"
14163678,"Lise","Quebec Canada","Notre famille a vecu"
15491731,"vkthor","Granada Spain","Que triste es lo baj"
16060889,"sappy","",""
16060889,"sappy","",""
16060889,"sappy","",""
16060889,"sappy","","MK"
16060889,"sappy","",""
8055532,"goodevilgenius","Rockville MD USA","It seems to me that"
16060889,"sappy","",""
16060889,"sappy","",""
16060889,"sappy","",""
16060889,"sappy","",""
8055532,"goodevilgenius","Rockville MD USA","Its a backtoscho"
16285429,"zurieflys","","just ate now chilli"
16285429,"zurieflys","","finally got the sms"
16285429,"zurieflys","","watching jerry mcgui"
16285429,"zurieflys","","school is tomorrow"
16285429,"zurieflys","","omfgz im bored"
16285429,"zurieflys","","school was fuuun ge"
16060889,"sappy","",""
16060889,"sappy","",""
16060889,"sappy","",""
16285429,"zurieflys","","Im on myspace I nee"
16285429,"zurieflys","","its supa pretty outs"
16285429,"zurieflys","","with some friends c"
16285429,"zurieflys","","I gots a new cameraa"
16060889,"sappy","",""
16060889,"sappy","",""
9366872,"wezm","Melbourne Australia","Backup up stuff on m"
9366872,"wezm","Melbourne Australia","httptwitpiccomc"
16060889,"sappy","",""
16060889,"sappy","","w"
16285429,"zurieflys","","have a really bad he"
16060889,"sappy","",""
16500570,"juliamcwatt","Cardiff","is working her way t"
16060889,"sappy","",""
16060889,"sappy","","Wish"
9366872,"wezm","Melbourne Australia","httptwitpiccomd"
16060889,"sappy","","xhtml"
8229592,"minoic","Spain","El disco de la seman"
8229592,"minoic","Spain","Sucesion logica del"
8229592,"minoic","Spain","Jet Man cruza el Can"
8229592,"minoic","Spain","Como hacer un sideba"
8229592,"minoic","Spain","El micromundo de Nik"
8229592,"minoic","Spain","Top  lideres de In"
8229592,"minoic","Spain","Anadir MySfera a Fee"
8229592,"minoic","Spain","Blancanieves divorci"
8229592,"minoic","Spain","Cancelado el Seminar"
9366872,"wezm","Melbourne Australia","Photo of Yarra  MCG"
8229592,"minoic","Spain","Reclamo de oportunid"
16500570,"juliamcwatt","Cardiff","is excited about FIN"
8229592,"minoic","Spain","Modo juicio off La"
8229592,"minoic","Spain","Entrevista en Intern"
8229592,"minoic","Spain","Editorial en MySfera"
8229592,"minoic","Spain","Elias Notario en Ond"
8229592,"minoic","Spain","Kubrick en Sitges A"
8229592,"minoic","Spain","Adios a los mejores"
8229592,"minoic","Spain","Homenaje a John Carp"
9366872,"wezm","Melbourne Australia","This looks good New"
9366872,"wezm","Melbourne Australia","Woah that new WebKit"
8229592,"minoic","Spain","Buscar en Google com"
8229592,"minoic","Spain","Estadisticas de sept"
8229592,"minoic","Spain","Web Search Strategie"
8229592,"minoic","Spain","Wonder How To el pa"
8229592,"minoic","Spain","El Google del Tiempo"
8229592,"minoic","Spain","Los rostros de los N"
8229592,"minoic","Spain","La Nasa cumple  an"
8229592,"minoic","Spain","RGB liquido Mangas"
8229592,"minoic","Spain","Protagonistas de la"
8229592,"minoic","Spain","El idilio Futbol De"
8229592,"minoic","Spain","La relajacion Futbo"
8229592,"minoic","Spain","Vuelve Blogoff el b"
8229592,"minoic","Spain","Novedades en Google"
8229592,"minoic","Spain","Las redes sociales"
8229592,"minoic","Spain","Nos toca pagar Mang"
8229592,"minoic","Spain","Cambios en Google Bl"
8229592,"minoic","Spain","El regreso de Blogof"
8229592,"minoic","Spain","La taza de Cristo e"
8229592,"minoic","Spain","George W bienvenid"
8229592,"minoic","Spain","George W bienvenid"
16500570,"juliamcwatt","Cardiff","hates the internet"
8229592,"minoic","Spain","Tog anade funciones"
8229592,"minoic","Spain","Conferencia del fund"
8229592,"minoic","Spain","Internet es para po"
8229592,"minoic","Spain","Blindness el libro"
8229592,"minoic","Spain","Provocan cancer los"
8229592,"minoic","Spain","El don de la imbatib"
8229592,"minoic","Spain","Un salvador Futbol"
8229592,"minoic","Spain","Futbol De Lux"
8229592,"minoic","Spain","Ach Guanac cumple"
8229592,"minoic","Spain","Otras visiones de la"
8229592,"minoic","Spain","Dos manifiestos el"
8229592,"minoic","Spain","Ya puedes chatear co"
8229592,"minoic","Spain","El doblador de cucha"
16060889,"sappy","",""
8229592,"minoic","Spain","gradoscom ya tie"
8229592,"minoic","Spain","El lado oscuro hace"
8229592,"minoic","Spain","Licencia McCainPali"
16060889,"sappy","","aaaaa"
8229592,"minoic","Spain","Premio a los descubr"
8229592,"minoic","Spain","actores que no vi"
8229592,"minoic","Spain","Duke Nukem D en alt"
8229592,"minoic","Spain","Tuenti en el mundo"
8229592,"minoic","Spain","Protagonistas de la"
8229592,"minoic","Spain","Plenos Futbol De Lu"
8229592,"minoic","Spain","Grupo de Google Grou"
8229592,"minoic","Spain","anos despues A c"
8229592,"minoic","Spain","Twittfriend los ami"
8229592,"minoic","Spain","tipos de letra co"
16060889,"sappy","",""
16060889,"sappy","",""
8229592,"minoic","Spain","Espacio Usquiano Bl"
16060889,"sappy","","w"
8229592,"minoic","Spain","Espacio Usquiano E"
8229592,"minoic","Spain","Blogs y poder en La"
16060889,"sappy","",""
16060889,"sappy","",""
16060889,"sappy","",""
8229592,"minoic","Spain","Internet vs vida rea"
8229592,"minoic","Spain","El reloj de tu vida"
8229592,"minoic","Spain","Ya estamos con el p"
8229592,"minoic","Spain","iStellar un planeta"
8055532,"goodevilgenius","Rockville MD USA","Wow A temple in Rom"
8229592,"minoic","Spain","Como hacen dinero lo"
8229592,"minoic","Spain","La musa del parked"
8229592,"minoic","Spain","La gran noche Futbo"
8229592,"minoic","Spain","No vieron su pelicul"
15491731,"vkthor","Granada Spain","Por cierto no esta n"
16597579,"thePeck","Phnom Penh Cambodia","Night everyone"
8229592,"minoic","Spain","Villarreal sigue con"
8229592,"minoic","Spain","Chismorreos a rayas"
8229592,"minoic","Spain","Dormir Futbol De Lu"
8229592,"minoic","Spain","Tequila en la Sala R"
8229592,"minoic","Spain","La secuela de Blade"
8229592,"minoic","Spain","Ya somos mas de  e"
16060889,"sappy","",""
16060889,"sappy","","w"
8229592,"minoic","Spain","El MBA de Stanford e"
8229592,"minoic","Spain","Nokia  XpressMus"
8229592,"minoic","Spain","Sitios adonde hacer"
8229592,"minoic","Spain","Blog Clippings eCua"
8229592,"minoic","Spain","Ultimas listas de Th"
8229592,"minoic","Spain","WordPress al dia li"
8229592,"minoic","Spain","Mal olor la nueva a"
8229592,"minoic","Spain","XDRTB  fotos"
8229592,"minoic","Spain","Me debe  euros Ma"
8229592,"minoic","Spain","El pagerank blogpoc"
8229592,"minoic","Spain","La pantalla LED mas"
8229592,"minoic","Spain","Para que sirve el P"
8229592,"minoic","Spain","Michael Moore y el r"
8229592,"minoic","Spain","gOS  Gadgets el li"
8229592,"minoic","Spain","Entrevista en Habito"
8229592,"minoic","Spain","Bricolaje extremo M"
8229592,"minoic","Spain","Otro apocalipsis par"
8229592,"minoic","Spain","Richard Stallman con"
16500570,"juliamcwatt","Cardiff","is without a phone a"
8229592,"minoic","Spain","El disco de la seman"
8229592,"minoic","Spain","Ibrahimovic la cali"
8229592,"minoic","Spain","Los puntos Futbol D"
8229592,"minoic","Spain","Tres en el Candin F"
8229592,"minoic","Spain","Entrevista en OjoCri"
16060889,"sappy","","good mourning"
16060889,"sappy","",""
16060889,"sappy","","ny"
8229592,"minoic","Spain","Diplodocs cualquier"
16060889,"sappy","",""
8229592,"minoic","Spain","Gmail se asegura de"
8229592,"minoic","Spain","edificios fascina"
15491731,"vkthor","Granada Spain","Todo va restaurandos"
8229592,"minoic","Spain","Estandares de la Int"
15491731,"vkthor","Granada Spain","Y la basura al bido"
8229592,"minoic","Spain","Islandia en bancarr"
8229592,"minoic","Spain","Manuel Almeida entre"
8229592,"minoic","Spain","Para que usar Twitte"
8229592,"minoic","Spain","IDPhotoStudio impri"
8229592,"minoic","Spain","anos de la NASA e"
8229592,"minoic","Spain","Video para entender"
8229592,"minoic","Spain","atractivos efecto"
8229592,"minoic","Spain","recursos para Twi"
8229592,"minoic","Spain","Mas de  sitios par"
8229592,"minoic","Spain","El blog de la semana"
8229592,"minoic","Spain","IV Congreso Panameri"
8229592,"minoic","Spain","Jessica Alba nos tra"
8229592,"minoic","Spain","Concurso de ideas pa"
8229592,"minoic","Spain","Protagonistas de la"
8229592,"minoic","Spain","Mas de  hacks para"
8229592,"minoic","Spain","magnificos efecto"
8229592,"minoic","Spain","Segunda oleada de cl"
8229592,"minoic","Spain","Breve resumen de not"
8229592,"minoic","Spain","XVIII Blogs  Gofio"
8229592,"minoic","Spain","El Gabinete de Infor"
8229592,"minoic","Spain","oXcars  una evi"
8229592,"minoic","Spain","Seminario en el Club"
8229592,"minoic","Spain","Yahoo Analytics ya"
8229592,"minoic","Spain","if yourLove  tru"
9366872,"wezm","Melbourne Australia","Off to lunch for som"
16060889,"sappy","",""
16060889,"sappy","","w"
8229592,"minoic","Spain","Los  topicos mas ut"
8229592,"minoic","Spain","Boo Boo el perro ma"
8229592,"minoic","Spain","Mac  Windows con es"
8229592,"minoic","Spain","El nuevo eje economi"
8229592,"minoic","Spain","El nuevo eje economi"
8229592,"minoic","Spain","Ellen Page nos trae"
8229592,"minoic","Spain","Activamos el karma"
8229592,"minoic","Spain","Iterend nuevo busca"
8229592,"minoic","Spain","Nunca irrites a un g"
9366872,"wezm","Melbourne Australia","At croft institute f"
8229592,"minoic","Spain","Un tipo solidario M"
8229592,"minoic","Spain","La lista definitiva"
8229592,"minoic","Spain","Perdieron el resto"
8229592,"minoic","Spain","Portugal IV Encontr"
8229592,"minoic","Spain","A vista de pajaro M"
8229592,"minoic","Spain","Baja la bolsa suben"
8229592,"minoic","Spain","WordPress grandioso"
9366872,"wezm","Melbourne Australia","Dying Too many drin"
16060889,"sappy","","wwww"
16060889,"sappy","","w"
16060889,"sappy","","b"
16060889,"sappy","",""
8229592,"minoic","Spain","Que clase de conten"
16060889,"sappy","",""
8229592,"minoic","Spain","In Marx we trust Ig"
8229592,"minoic","Spain","razones para visi"
8229592,"minoic","Spain","Gestion de comentari"
8229592,"minoic","Spain","themes de WordPres"
8229592,"minoic","Spain","Pintorva a ser que"
8229592,"minoic","Spain","Los  mejores jueg"
8229592,"minoic","Spain","Gmail Labs incorpora"
8229592,"minoic","Spain","Guanches en el Carib"
8229592,"minoic","Spain","Explicando las redes"
8229592,"minoic","Spain","El proyecto Genograp"
8229592,"minoic","Spain","Una coleccion de rel"
8229592,"minoic","Spain","Noticias sobre Pirat"
8229592,"minoic","Spain","Miniconcurso"
8229592,"minoic","Spain","Eladio no pagara a l"
8229592,"minoic","Spain","Genio y figura de l"
8229592,"minoic","Spain","La carrera del goril"
8229592,"minoic","Spain","No al canon la ca"
8229592,"minoic","Spain","Un beso de Heidi en"
8229592,"minoic","Spain","Protagonistas de la"
8229592,"minoic","Spain","La Crisis Futbol De"
8229592,"minoic","Spain","Frases de Oro Futbo"
8229592,"minoic","Spain","Asi se forja una cri"
16060889,"sappy","",""
16500570,"juliamcwatt","Cardiff","is in need of an ip"
8229592,"minoic","Spain","Sienta mal la Copa"
8229592,"minoic","Spain","Joao Moutinho peque"
16060889,"sappy","","Sunday"
16060889,"sappy","","Tuesday"
16060889,"sappy","","Saturday"
16060889,"sappy","","w"
8229592,"minoic","Spain","Mis tarjetas Moo bl"
8229592,"minoic","Spain","Ganando pero sin int"
16060889,"sappy","",""
16060889,"sappy","",""
16060889,"sappy","",""
16060889,"sappy","",""
16060889,"sappy","","k"
16060889,"sappy","","orz"
16060889,"sappy","",""
16500570,"juliamcwatt","Cardiff","is thinking up ways"
16060889,"sappy","",""
9366872,"wezm","Melbourne Australia","Hooray Work day is"
8229592,"minoic","Spain","Preadolescencia o Al"
16060889,"sappy","",""
16060889,"sappy","",""
16060889,"sappy","","w"
16060889,"sappy","",""
16060889,"sappy","",""
16861717,"FlysFool","NJ","buying NOV"
16060889,"sappy","",""
16060889,"sappy","",""
16500570,"juliamcwatt","Cardiff","has got Plasnewydd f"
8229592,"minoic","Spain","Nos espera un invier"
16060889,"sappy","",""
16060889,"sappy","",""
16980814,"designedbylisa","","updating my squidoo"
16980814,"designedbylisa","","Hi Everyone in Twitt"
16980814,"designedbylisa","","Ill be posting when"
16980814,"designedbylisa","","Added pink rose item"
16060889,"sappy","",""
16980814,"designedbylisa","","Made a new geek shir"
9366872,"wezm","Melbourne Australia","Time for a run aroun"
9366872,"wezm","Melbourne Australia","My run from before c"
9366872,"wezm","Melbourne Australia","httptwitpiccomi"
9366872,"wezm","Melbourne Australia","If you havent done"
9366872,"wezm","Melbourne Australia","httptwitpiccomi"
16060889,"sappy","",""
16980814,"designedbylisa","","I added dark shirts"
16980814,"designedbylisa","","Also added Due in A"
16500570,"juliamcwatt","Cardiff","is  for one last d"
16980814,"designedbylisa","","Slowly but surely I"
16980814,"designedbylisa","","Created a squidoo le"
9366872,"wezm","Melbourne Australia","httptwitpiccomi"
16060889,"sappy","","m m"
9366872,"wezm","Melbourne Australia","Drinking a Smirnoff"
8229592,"minoic","Spain","Nueva etapa de Bla B"
9366872,"wezm","Melbourne Australia","httpbitlymVFl"
9366872,"wezm","Melbourne Australia","Dinner with Ben and"
8229592,"minoic","Spain","Nuevo periodismo sin"
9366872,"wezm","Melbourne Australia","Lunch and a walk at"
16597579,"thePeck","Phnom Penh Cambodia","Nope my clock wasnt"
16597579,"thePeck","Phnom Penh Cambodia","Nite all twinklers a"
16597579,"thePeck","Phnom Penh Cambodia","Here I am httpti"
16597579,"thePeck","Phnom Penh Cambodia","Here I am httpti"
9366872,"wezm","Melbourne Australia","Restoring Snow Leopa"
9366872,"wezm","Melbourne Australia","So Im guessing Ruby"
16060889,"sappy","",""
16060889,"sappy","",""
16597579,"thePeck","Phnom Penh Cambodia","On my way to warner"
16597579,"thePeck","Phnom Penh Cambodia","And loving the prius"
16597579,"thePeck","Phnom Penh Cambodia","Driving by yourself"
16597579,"thePeck","Phnom Penh Cambodia","Its called cruise c"
9366872,"wezm","Melbourne Australia","httptwitpiccomj"
16597579,"thePeck","Phnom Penh Cambodia","Wow not many twinkle"
16597579,"thePeck","Phnom Penh Cambodia","Perfect road trip fo"
16060889,"sappy","","ICHIGEKI"
16060889,"sappy","","or"
16597579,"thePeck","Phnom Penh Cambodia","About  miles from"
16597579,"thePeck","Phnom Penh Cambodia","Finally in my hotel"
16597579,"thePeck","Phnom Penh Cambodia","Sitting for a nice m"
16060889,"sappy","",""
16060889,"sappy","",""
8229592,"minoic","Spain","Las elecciones de Es"
8229592,"minoic","Spain","Tampoco los torrents"
16821586,"cathjam","Afghanistan","Its apparently the"
8229592,"minoic","Spain","El Gabinete de Infor"
8055532,"goodevilgenius","Rockville MD USA","Read about my neard"
16597579,"thePeck","Phnom Penh Cambodia","He died I haven"
8229592,"minoic","Spain","Con la ventana abier"
8055532,"goodevilgenius","Rockville MD USA","I wonder if a pengui"
16597579,"thePeck","Phnom Penh Cambodia","mpg pretty goo"
16597579,"thePeck","Phnom Penh Cambodia","Here I am httpti"
16597579,"thePeck","Phnom Penh Cambodia","Nice day to sit on t"
8229592,"minoic","Spain","Black is beautiful u"
16597579,"thePeck","Phnom Penh Cambodia","Another great spot t"
16597579,"thePeck","Phnom Penh Cambodia","Hey has Chris Norton"
16500570,"juliamcwatt","Cardiff","is going to the Soci"
14726070,"heartofacowgirl","Vail Arizona","Signed up awhile bac"
8055532,"goodevilgenius","Rockville MD USA","Did she really say d"
16500570,"juliamcwatt","Cardiff","soe  ways of mak"
16500570,"juliamcwatt","Cardiff","soe p and l sessi"
14726070,"heartofacowgirl","Vail Arizona","I just listed  new"
14726070,"heartofacowgirl","Vail Arizona","I had the best grill"
14726070,"heartofacowgirl","Vail Arizona","wishing I was home c"
14726070,"heartofacowgirl","Vail Arizona","getting ready to hea"
14726070,"heartofacowgirl","Vail Arizona","having coffee getti"
16500570,"juliamcwatt","Cardiff","has updated her blog"
14726070,"heartofacowgirl","Vail Arizona","I just listed this c"
9366872,"wezm","Melbourne Australia","Heading to melbourn"
8055532,"goodevilgenius","Rockville MD USA","Every man expressed"
16500570,"juliamcwatt","Cardiff","is sleepy working i"
8055532,"goodevilgenius","Rockville MD USA","Im testing out Jott"
8055532,"goodevilgenius","Rockville MD USA","I sort of wish I kne"
16597579,"thePeck","Phnom Penh Cambodia","Ive spent the past"
16060889,"sappy","","ry"
9366872,"wezm","Melbourne Australia","Almost time for Robi"
8055532,"goodevilgenius","Rockville MD USA","Thank you for submi"
9366872,"wezm","Melbourne Australia","Off to Halls Gap for"
14726070,"heartofacowgirl","Vail Arizona","sitting in the airpo"
16597579,"thePeck","Phnom Penh Cambodia","Still upmight hav"
16500570,"juliamcwatt","Cardiff","has bloggedhttpj"
16821586,"cathjam","Afghanistan","Its Nov  and nuff"
8055532,"goodevilgenius","Rockville MD USA","Just read about a li"
16597579,"thePeck","Phnom Penh Cambodia","Heading to the bank"
8055532,"goodevilgenius","Rockville MD USA","Just made small impr"
9366872,"wezm","Melbourne Australia","Off to Grilld for a"
15491731,"vkthor","Granada Spain","Una bacala infame N"
9366872,"wezm","Melbourne Australia","httptwitpiccomm"
16597579,"thePeck","Phnom Penh Cambodia","Here I am httpti"
8055532,"goodevilgenius","Rockville MD USA","Gmail has builtin t"
14726070,"heartofacowgirl","Vail Arizona","just finished up an"
8055532,"goodevilgenius","Rockville MD USA","Is a windstorm pick"
14726070,"heartofacowgirl","Vail Arizona","cowgirlspirit  post"
14726070,"heartofacowgirl","Vail Arizona","bundled up against t"
16597579,"thePeck","Phnom Penh Cambodia","Eating  the ale hou"
8229592,"minoic","Spain","Imposturas asesinas"
15491731,"vkthor","Granada Spain","Redemption Hell"
8055532,"goodevilgenius","Rockville MD USA","Tune into youtube i"
8055532,"goodevilgenius","Rockville MD USA","Hugging a fat guy is"
9366872,"wezm","Melbourne Australia","httptwitpiccomn"
15491731,"vkthor","Granada Spain","Y asi todo cae en e"
16500570,"juliamcwatt","Cardiff","has bloggedhttpj"
8055532,"goodevilgenius","Rockville MD USA","Goldfish crackers ta"
8055532,"goodevilgenius","Rockville MD USA","Weathercom tells me"
9366872,"wezm","Melbourne Australia","Sequel author fixed"
16500570,"juliamcwatt","Cardiff","has bloggedhttpj"
9366872,"wezm","Melbourne Australia","Oh this might be han"
16597579,"thePeck","Phnom Penh Cambodia","Sometimes taking car"
8055532,"goodevilgenius","Rockville MD USA","Asimovs Foundation"
15491731,"vkthor","Granada Spain","Me he parado a pensa"
15491731,"vkthor","Granada Spain","Y hacedme caso que"
9366872,"wezm","Melbourne Australia","First Windows reboot"
15491731,"vkthor","Granada Spain","Twilight horrenda h"
14726070,"heartofacowgirl","Vail Arizona","MaryRichmond  my FA"
16500570,"juliamcwatt","Cardiff","has a new blogwwwj"
16597579,"thePeck","Phnom Penh Cambodia","Just set up my Chris"
8055532,"goodevilgenius","Rockville MD USA","Im using Flock agai"
17602017,"lizzyfizzy","","i have no idea why"
17602017,"lizzyfizzy","","i just dont remembe"
17602017,"lizzyfizzy","","how do i post a dire"
17602017,"lizzyfizzy","","MissVoodoo hmmm"
17602017,"lizzyfizzy","","yes im pretty sure"
17602017,"lizzyfizzy","","wonders when greg is"
17602017,"lizzyfizzy","","MissVoodoo how do"
17602017,"lizzyfizzy","","Using Digsby for IM"
16597579,"thePeck","Phnom Penh Cambodia","At savoy nice scena"
16597579,"thePeck","Phnom Penh Cambodia","Guess where now http"
16597579,"thePeck","Phnom Penh Cambodia","Nice start at Savoy"
15491731,"vkthor","Granada Spain","Oh Fortunavariable"
16597579,"thePeck","Phnom Penh Cambodia","On the carnival lege"
14726070,"heartofacowgirl","Vail Arizona","I just listed this i"
14726070,"heartofacowgirl","Vail Arizona","I just blogged about"
17989391,"mcljo","SP ZS","oi nao quero fazar"
14726070,"heartofacowgirl","Vail Arizona","I just listed this i"
16597579,"thePeck","Phnom Penh Cambodia","Sitting in front on"
14726070,"heartofacowgirl","Vail Arizona","I just listed this i"
14726070,"heartofacowgirl","Vail Arizona","Back from lunch  Mo"
14726070,"heartofacowgirl","Vail Arizona","I just listed this i"
14726070,"heartofacowgirl","Vail Arizona","I just listed this i"
17989391,"mcljo","SP ZS","Semana movimentada e"
17989391,"mcljo","SP ZS","httptinyurlcom"
17989391,"mcljo","SP ZS","mula sem cabeca exis"
17989391,"mcljo","SP ZS","thezolin e sua tromb"
14726070,"heartofacowgirl","Vail Arizona","I just listed this i"
8229592,"minoic","Spain","Octubre diez dias q"
14726070,"heartofacowgirl","Vail Arizona","I just blogged about"
15491731,"vkthor","Granada Spain","Hay facetas de mi mi"
14726070,"heartofacowgirl","Vail Arizona","I just listed this i"
14726070,"heartofacowgirl","Vail Arizona","I just listed this i"
14726070,"heartofacowgirl","Vail Arizona","I just listed this i"
8229592,"minoic","Spain","Cambio climatico e"
14726070,"heartofacowgirl","Vail Arizona","I just listed this i"
17989391,"mcljo","SP ZS","Festa da empresa ano"
14726070,"heartofacowgirl","Vail Arizona","I just listed this i"
14726070,"heartofacowgirl","Vail Arizona","I just listed this i"
14726070,"heartofacowgirl","Vail Arizona","I just listed this i"
14726070,"heartofacowgirl","Vail Arizona","I just listed this i"
14726070,"heartofacowgirl","Vail Arizona","I just listed this i"
14726070,"heartofacowgirl","Vail Arizona","I just listed this i"
14726070,"heartofacowgirl","Vail Arizona","I just listed this i"
14726070,"heartofacowgirl","Vail Arizona","I just listed this i"
14726070,"heartofacowgirl","Vail Arizona","I just listed this i"
14726070,"heartofacowgirl","Vail Arizona","I just listed this i"
14726070,"heartofacowgirl","Vail Arizona","I just listed this i"
9366872,"wezm","Melbourne Australia","Off to nab technolog"
14726070,"heartofacowgirl","Vail Arizona","I just listed this i"
14726070,"heartofacowgirl","Vail Arizona","I just blogged about"
17989391,"mcljo","SP ZS","Gordonaldo infiel"
17989391,"mcljo","SP ZS","Todos os chaveiros d"
17989391,"mcljo","SP ZS","jogando GTA  eu"
17989391,"mcljo","SP ZS","daqui a pouco paintb"
14726070,"heartofacowgirl","Vail Arizona","I just listed this i"
14726070,"heartofacowgirl","Vail Arizona","I just listed this i"
17989391,"mcljo","SP ZS","to ficando velho q"
9366872,"wezm","Melbourne Australia","Having lunch and rea"
14726070,"heartofacowgirl","Vail Arizona","I just listed this i"
14726070,"heartofacowgirl","Vail Arizona","I just listed this i"
14726070,"heartofacowgirl","Vail Arizona","I just listed this i"
8055532,"goodevilgenius","Rockville MD USA","It seems to me that"
14726070,"heartofacowgirl","Vail Arizona","I just listed this i"
14726070,"heartofacowgirl","Vail Arizona","I just listed this i"
14726070,"heartofacowgirl","Vail Arizona","I just listed this i"
14726070,"heartofacowgirl","Vail Arizona","I just blogged about"
8055532,"goodevilgenius","Rockville MD USA","I have to leave for"
14726070,"heartofacowgirl","Vail Arizona","I just listed this i"
16597579,"thePeck","Phnom Penh Cambodia","Tired and water logg"
14726070,"heartofacowgirl","Vail Arizona","I just listed this i"
14726070,"heartofacowgirl","Vail Arizona","I just listed this i"
14726070,"heartofacowgirl","Vail Arizona","I just listed this i"
8055532,"goodevilgenius","Rockville MD USA","Right now at am i"
14726070,"heartofacowgirl","Vail Arizona","I just listed this i"
14726070,"heartofacowgirl","Vail Arizona","I just listed this i"
14726070,"heartofacowgirl","Vail Arizona","I just listed this i"
16597579,"thePeck","Phnom Penh Cambodia","Laying in bed wonder"
14726070,"heartofacowgirl","Vail Arizona","I just listed this i"
14726070,"heartofacowgirl","Vail Arizona","I just listed this i"
14726070,"heartofacowgirl","Vail Arizona","I just listed this i"
14726070,"heartofacowgirl","Vail Arizona","I just listed this i"
14726070,"heartofacowgirl","Vail Arizona","I just listed this i"
8055532,"goodevilgenius","Rockville MD USA","I just got xmms on"
9366872,"wezm","Melbourne Australia","Great start to the d"
8055532,"goodevilgenius","Rockville MD USA","I think reuters got"
14726070,"heartofacowgirl","Vail Arizona","I just listed this i"
17989391,"mcljo","SP ZS","httptinyurlcom"
17989391,"mcljo","SP ZS","Funeral para um Xbox"
17989391,"mcljo","SP ZS","que frio do cacete"
14726070,"heartofacowgirl","Vail Arizona","I just blogged about"
14726070,"heartofacowgirl","Vail Arizona","I just listed this i"
16597579,"thePeck","Phnom Penh Cambodia","Think I was just hit"
15491731,"vkthor","Granada Spain","Y es que hay dias en"
14726070,"heartofacowgirl","Vail Arizona","I just listed this i"
9366872,"wezm","Melbourne Australia","Off to Christmas dri"
17989391,"mcljo","SP ZS","ainda muito zuado"
16597579,"thePeck","Phnom Penh Cambodia","Tired after a late n"
16597579,"thePeck","Phnom Penh Cambodia","At universal http"
14726070,"heartofacowgirl","Vail Arizona","I just listed this i"
14726070,"heartofacowgirl","Vail Arizona","I just listed this i"
15491731,"vkthor","Granada Spain","Amor amor amor a"
14726070,"heartofacowgirl","Vail Arizona","I just listed this i"
14726070,"heartofacowgirl","Vail Arizona","I just listed this i"
14726070,"heartofacowgirl","Vail Arizona","I just listed this i"
14726070,"heartofacowgirl","Vail Arizona","I just listed this i"
14726070,"heartofacowgirl","Vail Arizona","I just listed this i"
14726070,"heartofacowgirl","Vail Arizona","I just listed this i"
17989391,"mcljo","SP ZS","ver seu filho dancar"
17989391,"mcljo","SP ZS","o pior de tudo e vc"
8055532,"goodevilgenius","Rockville MD USA","Check out Joe Stryke"
14726070,"heartofacowgirl","Vail Arizona","I just listed this i"
15491731,"vkthor","Granada Spain","Reflexionen por un s"
14726070,"heartofacowgirl","Vail Arizona","I just listed this i"
16597579,"thePeck","Phnom Penh Cambodia","Driving to walmart w"
8055532,"goodevilgenius","Rockville MD USA","Santa leaves to deli"
17989391,"mcljo","SP ZS","Rua aqui do lado tot"
14726070,"heartofacowgirl","Vail Arizona","I just blogged about"
8055532,"goodevilgenius","Rockville MD USA","Santa leaves to deli"
811883,"regisb","Paris France","Is trying twitter on"
8055532,"goodevilgenius","Rockville MD USA","Happy Emperors Birt"
14726070,"heartofacowgirl","Vail Arizona","I just listed this i"
17989391,"mcljo","SP ZS","Coisas idiotas dao d"
17989391,"mcljo","SP ZS","e ja ta um sol"
17989391,"mcljo","SP ZS","Pelo menos meu filho"
17989391,"mcljo","SP ZS","O melhor do Natal e"
17989391,"mcljo","SP ZS","O melhor do natal e"
14726070,"heartofacowgirl","Vail Arizona","I just listed this i"
18359729,"maryydixonn","Georgia","I am on the computer"
18359729,"maryydixonn","Georgia","what happened"
18359729,"maryydixonn","Georgia","lol ya i am"
18359729,"maryydixonn","Georgia","ohwhat did the gh"
18359729,"maryydixonn","Georgia","WEIRD thats really"
18359729,"maryydixonn","Georgia","in your school ok t"
18359729,"maryydixonn","Georgia","o ya np"
18359729,"maryydixonn","Georgia","oh ok ur welcome b"
18359729,"maryydixonn","Georgia","im Maryremember d"
18359729,"maryydixonn","Georgia","the sky duhlol no"
18359729,"maryydixonn","Georgia","dont be sorry lol im"
18359729,"maryydixonn","Georgia","oh ok what are you"
18359729,"maryydixonn","Georgia","reading what"
18359729,"maryydixonn","Georgia","and get on ur email"
18359729,"maryydixonn","Georgia","ohthat stinksdo"
18359729,"maryydixonn","Georgia","oh on gmail"
18359729,"maryydixonn","Georgia","my winter vacation s"
18359729,"maryydixonn","Georgia","lol can u see my pic"
18359729,"maryydixonn","Georgia","gymnast"
18359729,"maryydixonn","Georgia","k"
15491731,"vkthor","Granada Spain","A veces basta solame"
14726070,"heartofacowgirl","Vail Arizona","I just blogged about"
16597579,"thePeck","Phnom Penh Cambodia","Merry Xmas twiterver"
14726070,"heartofacowgirl","Vail Arizona","I just listed this i"
17989391,"mcljo","SP ZS","Encontre sua mulher"
18359729,"maryydixonn","Georgia","hey becky wats up"
14726070,"heartofacowgirl","Vail Arizona","I just blogged about"
14726070,"heartofacowgirl","Vail Arizona","I just listed this i"
15491731,"vkthor","Granada Spain","El concilio de gofri"
17989391,"mcljo","SP ZS","httptinyurlcom"
17989391,"mcljo","SP ZS","Esses vao queimar no"
14726070,"heartofacowgirl","Vail Arizona","I just listed this i"
14726070,"heartofacowgirl","Vail Arizona","I just listed this i"
14726070,"heartofacowgirl","Vail Arizona","I just listed this i"
17989391,"mcljo","SP ZS","Depois de  horas de"
14726070,"heartofacowgirl","Vail Arizona","I just listed this i"
14726070,"heartofacowgirl","Vail Arizona","I just listed this i"
14726070,"heartofacowgirl","Vail Arizona","I just blogged about"
17989391,"mcljo","SP ZS","Essa e a semana mort"
17989391,"mcljo","SP ZS","Next Year new proje"
17989391,"mcljo","SP ZS","Nao aguento mais ter"
17989391,"mcljo","SP ZS","mais uma hora de tra"
17989391,"mcljo","SP ZS","tomando cerveja jog"
17989391,"mcljo","SP ZS","ja aquecendo para a"
15491731,"vkthor","Granada Spain","Happy  people"
8055532,"goodevilgenius","Rockville MD USA","One hour until the N"
8055532,"goodevilgenius","Rockville MD USA","feels a lot lik"
17989391,"mcljo","SP ZS","Nunca mais tinha beb"
17989391,"mcljo","SP ZS","PARABENS MEU AMOR"
17989391,"mcljo","SP ZS","Tem coisa mais odios"
17989391,"mcljo","SP ZS","Indo no shopping alm"
14726070,"heartofacowgirl","Vail Arizona","I just listed this i"
14726070,"heartofacowgirl","Vail Arizona","I just blogged about"
14726070,"heartofacowgirl","Vail Arizona","I just listed this i"
14726070,"heartofacowgirl","Vail Arizona","I just listed this i"
14726070,"heartofacowgirl","Vail Arizona","I just listed this i"
14726070,"heartofacowgirl","Vail Arizona","I just listed this i"
14726070,"heartofacowgirl","Vail Arizona","I just listed this i"
14726070,"heartofacowgirl","Vail Arizona","I just listed this i"
17989391,"mcljo","SP ZS","Nao comprei a LCD a"
17989391,"mcljo","SP ZS","tv desejada httpt"
17989391,"mcljo","SP ZS","Acabei de assistir H"
17989391,"mcljo","SP ZS","comecando o dia pra"
