"userid","tweet"
12279742,"i am waiting for my"
12279742,"listo para la macwor"
12279742,"min to go y muy e"
12279742,"revisando los blogs"
12279742,"no entiendo el de wi"
12279742,"minutos"
12279742,"mac life y applegaze"
12279742,"ya listos la fila"
12279742,"la novia molesta"
12279742,"terminando de ver la"
12279742,"sigo impresionado"
12279742,"regresando poco a po"
12279742,"hambriento"
14326018,"Sitting at my comput"
14326018,"Thinking about what"
14326018,"sitting  Panera Bre"
14326018,"getting ready for th"
14326018,"Bars and other Hot"
14326018,"musicians are gettin"
14326018,"Downtown Rochester s"
14326018,"about to help someon"
14326018,"hello"
14326018,"about to watch the r"
14326018,"about to watch the r"
15463525,"im hiccupping uncon"
15491731,"Creando el twitter e"
15491731,"Grabando un CD de Mi"
15491731,"Preparando la maleta"
15491731,"Quebrandome la cabez"
15491731,"De vuelta en Guadix"
15774880,""
15491731,"He estado en un camp"
15491731,"Pues fijate tu que a"
14163678,"Je me prelasse sur l"
14163678,"Jecris un article c"
15491731,"Se acercan la feria"
15491731,"Entrenamiento Michae"
14163678,"Mise a jour des prec"
14163678,"Je travaille a lecr"
14163678,"Je viens davoir un"
16060889,""
16060889,""
16060889,""
16060889,""
16060889,""
16060889,""
16060889,""
16060889,""
16060889,""
14163678,"x rentree scolaire"
16060889,"DS"
16060889,"roger"
16060889,""
16060889,""
15491731,"Genial Robinho ese"
15491731,"Y digo mas por fin"
16060889,""
16060889,""
16060889,""
16060889,"ry"
16060889,""
16060889,""
16060889,""
16060889,""
16060889,"Death"
14163678,"Notre famille a vecu"
15491731,"Que triste es lo baj"
16060889,""
16060889,""
16060889,""
16060889,"MK"
16060889,""
16060889,""
16060889,""
16060889,""
16060889,""
16285429,"just ate now chilli"
16285429,"finally got the sms"
16285429,"watching jerry mcgui"
16285429,"school is tomorrow"
16285429,"omfgz im bored"
16285429,"school was fuuun ge"
16060889,""
16060889,""
16060889,""
16285429,"Im on myspace I nee"
16285429,"its supa pretty outs"
16285429,"with some friends c"
16285429,"I gots a new cameraa"
16060889,""
16060889,""
16060889,""
16060889,"w"
16285429,"have a really bad he"
16060889,""
16500570,"is working her way t"
16060889,""
16060889,"Wish"
16060889,"xhtml"
16500570,"is excited about FIN"
16500570,"hates the internet"
16060889,""
16060889,"aaaaa"
16060889,""
16060889,""
16060889,"w"
16060889,""
16060889,""
16060889,""
15491731,"Por cierto no esta n"
16597579,"Night everyone"
16060889,""
16060889,"w"
16500570,"is without a phone a"
16060889,"good mourning"
16060889,""
16060889,"ny"
16060889,""
15491731,"Todo va restaurandos"
15491731,"Y la basura al bido"
16060889,""
16060889,"w"
16060889,"wwww"
16060889,"w"
16060889,"b"
16060889,""
16060889,""
16060889,""
16500570,"is in need of an ip"
16060889,"Sunday"
16060889,"Tuesday"
16060889,"Saturday"
16060889,"w"
16060889,""
16060889,""
16060889,""
16060889,""
16060889,"k"
16060889,"orz"
16060889,""
16500570,"is thinking up ways"
16060889,""
16060889,""
16060889,""
16060889,"w"
16060889,""
16060889,""
16861717,"buying NOV"
16060889,""
16060889,""
16500570,"has got Plasnewydd f"
16060889,""
16060889,""
16980814,"updating my squidoo"
16980814,"Hi Everyone in Twitt"
16980814,"Ill be posting when"
16980814,"Added pink rose item"
16060889,""
16980814,"Made a new geek shir"
16060889,""
16980814,"I added dark shirts"
16980814,"Also added Due in A"
16500570,"is  for one last d"
16980814,"Slowly but surely I"
16980814,"Created a squidoo le"
16060889,"m m"
16597579,"Nope my clock wasnt"
16597579,"Nite all twinklers a"
16597579,"Here I am httpti"
16597579,"Here I am httpti"
16060889,""
16060889,""
16597579,"On my way to warner"
16597579,"And loving the prius"
16597579,"Driving by yourself"
16597579,"Its called cruise c"
16597579,"Wow not many twinkle"
16597579,"Perfect road trip fo"
16060889,"ICHIGEKI"
16060889,"or"
16597579,"About  miles from"
16597579,"Finally in my hotel"
16597579,"Sitting for a nice m"
16060889,""
16060889,""
16821586,"Its apparently the"
16597579,"He died I haven"
16597579,"mpg pretty goo"
16597579,"Here I am httpti"
16597579,"Nice day to sit on t"
16597579,"Another great spot t"
16597579,"Hey has Chris Norton"
16500570,"is going to the Soci"
14726070,"Signed up awhile bac"
16500570,"soe  ways of mak"
16500570,"soe p and l sessi"
14726070,"I just listed  new"
14726070,"I had the best grill"
14726070,"wishing I was home c"
14726070,"getting ready to hea"
14726070,"having coffee getti"
16500570,"has updated her blog"
14726070,"I just listed this c"
16500570,"is sleepy working i"
16597579,"Ive spent the past"
16060889,"ry"
14726070,"sitting in the airpo"
16597579,"Still upmight hav"
16500570,"has bloggedhttpj"
16821586,"Its Nov  and nuff"
16597579,"Heading to the bank"
15491731,"Una bacala infame N"
16597579,"Here I am httpti"
14726070,"just finished up an"
14726070,"cowgirlspirit  post"
14726070,"bundled up against t"
16597579,"Eating  the ale hou"
15491731,"Redemption Hell"
15491731,"Y asi todo cae en e"
16500570,"has bloggedhttpj"
16500570,"has bloggedhttpj"
16597579,"Sometimes taking car"
15491731,"Me he parado a pensa"
15491731,"Y hacedme caso que"
15491731,"Twilight horrenda h"
14726070,"MaryRichmond  my FA"
16500570,"has a new blogwwwj"
16597579,"Just set up my Chris"
17602017,"i have no idea why"
17602017,"i just dont remembe"
17602017,"how do i post a dire"
17602017,"MissVoodoo hmmm"
17602017,"yes im pretty sure"
17602017,"wonders when greg is"
17602017,"MissVoodoo how do"
17602017,"Using Digsby for IM"
16597579,"At savoy nice scena"
16597579,"Guess where now http"
16597579,"Nice start at Savoy"
15491731,"Oh Fortunavariable"
16597579,"On the carnival lege"
14726070,"I just listed this i"
14726070,"I just blogged about"
17989391,"oi nao quero fazar"
14726070,"I just listed this i"
16597579,"Sitting in front on"
14726070,"I just listed this i"
14726070,"Back from lunch  Mo"
14726070,"I just listed this i"
14726070,"I just listed this i"
17989391,"Semana movimentada e"
17989391,"httptinyurlcom"
17989391,"mula sem cabeca exis"
17989391,"thezolin e sua tromb"
14726070,"I just listed this i"
14726070,"I just blogged about"
15491731,"Hay facetas de mi mi"
14726070,"I just listed this i"
14726070,"I just listed this i"
14726070,"I just listed this i"
14726070,"I just listed this i"
17989391,"Festa da empresa ano"
14726070,"I just listed this i"
14726070,"I just listed this i"
14726070,"I just listed this i"
14726070,"I just listed this i"
14726070,"I just listed this i"
14726070,"I just listed this i"
14726070,"I just listed this i"
14726070,"I just listed this i"
14726070,"I just listed this i"
14726070,"I just listed this i"
14726070,"I just listed this i"
14726070,"I just listed this i"
14726070,"I just blogged about"
17989391,"Gordonaldo infiel"
17989391,"Todos os chaveiros d"
17989391,"jogando GTA  eu"
17989391,"daqui a pouco paintb"
14726070,"I just listed this i"
14726070,"I just listed this i"
17989391,"to ficando velho q"
14726070,"I just listed this i"
14726070,"I just listed this i"
14726070,"I just listed this i"
14726070,"I just listed this i"
14726070,"I just listed this i"
14726070,"I just listed this i"
14726070,"I just blogged about"
14726070,"I just listed this i"
16597579,"Tired and water logg"
14726070,"I just listed this i"
14726070,"I just listed this i"
14726070,"I just listed this i"
14726070,"I just listed this i"
14726070,"I just listed this i"
14726070,"I just listed this i"
16597579,"Laying in bed wonder"
14726070,"I just listed this i"
14726070,"I just listed this i"
14726070,"I just listed this i"
14726070,"I just listed this i"
14726070,"I just listed this i"
14726070,"I just listed this i"
17989391,"httptinyurlcom"
17989391,"Funeral para um Xbox"
17989391,"que frio do cacete"
14726070,"I just blogged about"
14726070,"I just listed this i"
16597579,"Think I was just hit"
15491731,"Y es que hay dias en"
14726070,"I just listed this i"
17989391,"ainda muito zuado"
16597579,"Tired after a late n"
16597579,"At universal http"
14726070,"I just listed this i"
14726070,"I just listed this i"
15491731,"Amor amor amor a"
14726070,"I just listed this i"
14726070,"I just listed this i"
14726070,"I just listed this i"
14726070,"I just listed this i"
14726070,"I just listed this i"
14726070,"I just listed this i"
17989391,"ver seu filho dancar"
17989391,"o pior de tudo e vc"
14726070,"I just listed this i"
15491731,"Reflexionen por un s"
14726070,"I just listed this i"
16597579,"Driving to walmart w"
17989391,"Rua aqui do lado tot"
14726070,"I just blogged about"
14726070,"I just listed this i"
17989391,"Coisas idiotas dao d"
17989391,"e ja ta um sol"
17989391,"Pelo menos meu filho"
17989391,"O melhor do Natal e"
17989391,"O melhor do natal e"
14726070,"I just listed this i"
18359729,"I am on the computer"
18359729,"what happened"
18359729,"lol ya i am"
18359729,"ohwhat did the gh"
18359729,"WEIRD thats really"
18359729,"in your school ok t"
18359729,"o ya np"
18359729,"oh ok ur welcome b"
18359729,"im Maryremember d"
18359729,"the sky duhlol no"
18359729,"dont be sorry lol im"
18359729,"oh ok what are you"
18359729,"reading what"
18359729,"and get on ur email"
18359729,"ohthat stinksdo"
18359729,"oh on gmail"
18359729,"my winter vacation s"
18359729,"lol can u see my pic"
18359729,"gymnast"
18359729,"k"
15491731,"A veces basta solame"
14726070,"I just blogged about"
16597579,"Merry Xmas twiterver"
14726070,"I just listed this i"
17989391,"Encontre sua mulher"
18359729,"hey becky wats up"
14726070,"I just blogged about"
14726070,"I just listed this i"
15491731,"El concilio de gofri"
17989391,"httptinyurlcom"
17989391,"Esses vao queimar no"
14726070,"I just listed this i"
14726070,"I just listed this i"
14726070,"I just listed this i"
17989391,"Depois de  horas de"
14726070,"I just listed this i"
14726070,"I just listed this i"
14726070,"I just blogged about"
17989391,"Essa e a semana mort"
17989391,"Next Year new proje"
17989391,"Nao aguento mais ter"
17989391,"mais uma hora de tra"
17989391,"tomando cerveja jog"
17989391,"ja aquecendo para a"
15491731,"Happy  people"
17989391,"Nunca mais tinha beb"
17989391,"PARABENS MEU AMOR"
17989391,"Tem coisa mais odios"
17989391,"Indo no shopping alm"
14726070,"I just listed this i"
14726070,"I just blogged about"
14726070,"I just listed this i"
14726070,"I just listed this i"
14726070,"I just listed this i"
14726070,"I just listed this i"
14726070,"I just listed this i"
14726070,"I just listed this i"
17989391,"Nao comprei a LCD a"
17989391,"tv desejada httpt"
17989391,"Acabei de assistir H"
17989391,"comecando o dia pra"
